johab	ispc_index	cp437	unicode	char	iss_uses	iss_files	note
D480	0		U+1F402	🐂	128	2	HANULSO Logo (an ox head)
D481	1	01	U+263A	☺	218	47	CP437 control-range graphic
D482	2	02	U+263B	☻	218	33	CP437 control-range graphic
D483	3	03	U+2665	♥	439	44	CP437 control-range graphic
D484	4	04	U+2666	♦	27	4	CP437 control-range graphic
D485	5	05	U+2663	♣	6	3	CP437 control-range graphic
D486	6	06	U+2660	♠	0	0	CP437 control-range graphic
D487	7	07	U+2022	•	1026	119	CP437 control-range graphic
D488	8	08	U+25D8	◘	47	7	CP437 control-range graphic
D489	9	09	U+25CB	○	61	9	CP437 control-range graphic
D48A	10	0A	U+25D9	◙	29	5	CP437 control-range graphic
D48B	11	0B	U+2642	♂	3	1	CP437 control-range graphic
D48C	12	0C	U+2640	♀	66	3	CP437 control-range graphic
D48D	13	0D	U+266A	♪	20	7	CP437 control-range graphic
D48E	14	0E	U+266B	♫	50	12	CP437 control-range graphic
D48F	15	0F	U+263C	☼	34	3	CP437 control-range graphic
D490	16	10	U+25BA	►	1880	235	CP437 control-range graphic
D491	17	11	U+25C4	◄	1762	222	CP437 control-range graphic
D492	18	12	U+2195	↕	0	0	CP437 control-range graphic
D493	19	13	U+203C	‼	396	65	CP437 control-range graphic
D494	20	14	U+00B6	¶	0	0	CP437 control-range graphic
D495	21	15	U+00A7	§	0	0	CP437 control-range graphic
D496	22	16	U+25AC	▬	1568	145	CP437 control-range graphic
D497	23	17	U+21A8	↨	0	0	CP437 control-range graphic
D498	24	18	U+2191	↑	51	9	CP437 control-range graphic
D499	25	19	U+2193	↓	51	10	CP437 control-range graphic
D49A	26	1A	U+2192	→	166	17	CP437 control-range graphic
D49B	27	1B	U+2190	←	58	14	CP437 control-range graphic
D49C	28	1C	U+221F	∟	0	0	CP437 control-range graphic
D49D	29	1D	U+2194	↔	2	1	CP437 control-range graphic
D49E	30	1E	U+25B2	▲	33	12	CP437 control-range graphic
D49F	31	1F	U+25BC	▼	29	11	CP437 control-range graphic
D4A0	32		U+03B5		1	1	Greek lowercase epsilon
D4A1	33		U+03B6		7	2	Greek lowercase zeta
D4A2	34		U+03B7		0	0	Greek lowercase eta
D4A3	35		U+03BB		0	0	Greek lowercase lamda
D4A4	36		U+03BD		0	0	Greek lowercase nu
D4A5	37		U+03BE		6	3	Greek lowercase xi
D4A6	38		U+03C1		0	0	Greek lowercase rho
D4A7	39		U+03C8		0	0	Greek lowercase psi
D4A8	40		U+260E	☎	1	1	Telephone
D4A9	41		U+300E	『	28	21	Opening double angle bracket
D4AA	42		U+300F	』	28	21	Closing double angle bracket
D4AB	43		U+2260	≠	0	0	Not equal to
D4AC	44		U+2234	∴	0	0	Therefore
D4AD	45		U+FF3F	＿	22	6	Underscore
D4AE	46		U+300B	》	36	5	Right double angle bracket
D4AF	47		U+300A	《	34	4	Left double angle bracket
D4B0	48	B0	U+2591	░	294	33	CP437
D4B1	49	B1	U+2592	▒	279	36	CP437
D4B2	50	B2	U+2593	▓	335	34	CP437
D4B3	51	B3	U+2502	│	130	16	CP437
D4B4	52	B4	U+2524	┤	0	0	CP437
D4B5	53	B5	U+2561	╡	0	0	CP437
D4B6	54	B6	U+2562	╢	0	0	CP437
D4B7	55	B7	U+2556	╖	0	0	CP437
D4B8	56	B8	U+2555	╕	0	0	CP437
D4B9	57	B9	U+2563	╣	31	1	CP437
D4BA	58	BA	U+2551	║	0	0	CP437
D4BB	59	BB	U+2557	╗	0	0	CP437
D4BC	60	BC	U+255D	╝	0	0	CP437
D4BD	61	BD	U+255C	╜	0	0	CP437
D4BE	62	BE	U+255B	╛	0	0	CP437
D4BF	63	BF	U+2510	┐	0	0	CP437
D4C0	64	C0	U+2514	└	0	0	CP437
D4C1	65	C1	U+2534	┴	0	0	CP437
D4C2	66	C2	U+252C	┬	0	0	CP437
D4C3	67	C3	U+251C	├	0	0	CP437
D4C4	68	C4	U+2500	─	31	3	CP437
D4C5	69	C5	U+253C	┼	0	0	CP437
D4C6	70	C6	U+255E	╞	0	0	CP437
D4C7	71	C7	U+255F	╟	0	0	CP437
D4C8	72	C8	U+255A	╚	0	0	CP437
D4C9	73	C9	U+2554	╔	0	0	CP437
D4CA	74	CA	U+2569	╩	0	0	CP437
D4CB	75	CB	U+2566	╦	0	0	CP437
D4CC	76	CC	U+2560	╠	31	1	CP437
D4CD	77	CD	U+2550	═	124	1	CP437
D4CE	78	CE	U+256C	╬	0	0	CP437
D4CF	79	CF	U+2567	╧	0	0	CP437
D4D0	80	D0	U+2568	╨	0	0	CP437
D4D1	81	D1	U+2564	╤	0	0	CP437
D4D2	82	D2	U+2565	╥	0	0	CP437
D4D3	83	D3	U+2559	╙	0	0	CP437
D4D4	84	D4	U+2558	╘	0	0	CP437
D4D5	85	D5	U+2552	╒	0	0	CP437
D4D6	86	D6	U+2553	╓	0	0	CP437
D4D7	87	D7	U+256B	╫	0	0	CP437
D4D8	88	D8	U+256A	╪	0	0	CP437
D4D9	89	D9	U+2518	┘	0	0	CP437
D4DA	90	DA	U+250C	┌	0	0	CP437
D4DB	91	DB	U+2588	█	800	19	CP437
D4DC	92	DC	U+2584	▄	2019	84	CP437
D4DD	93	DD	U+258C	▌	297	18	CP437
D4DE	94	DE	U+2590	▐	138	12	CP437
D4DF	95	DF	U+2580	▀	35	7	CP437
D4E0	96	E0	U+03B1	α	0	0	CP437
D4E1	97	E1	U+00DF	ß	1	1	CP437
D4E2	98	E2	U+0393	Γ	0	0	CP437
D4E3	99	E3	U+03C0	π	0	0	CP437
D4E4	100	E4	U+03A3	Σ	0	0	CP437
D4E5	101	E5	U+03C3	σ	0	0	CP437
D4E6	102	E6	U+00B5	µ	0	0	CP437
D4E7	103	E7	U+03C4	τ	0	0	CP437
D4E8	104	E8	U+03A6	Φ	0	0	CP437
D4E9	105	E9	U+0398	Θ	0	0	CP437
D4EA	106	EA	U+03A9	Ω	0	0	CP437
D4EB	107	EB	U+03B4	δ	0	0	CP437
D4EC	108	EC	U+221E	∞	0	0	CP437
D4ED	109	ED	U+03C6	φ	0	0	CP437
D4EE	110	EE	U+03B5	ε	0	0	CP437
D4EF	111	EF	U+2229	∩	0	0	CP437
D4F0	112	F0	U+2261	≡	43	11	CP437
D4F1	113	F1	U+00B1	±	0	0	CP437
D4F2	114	F2	U+2265	≥	2	2	CP437
D4F3	115	F3	U+2264	≤	2	2	CP437
D4F4	116	F4	U+2320	⌠	3	2	CP437
D4F5	117	F5	U+2321	⌡	3	2	CP437
D4F6	118	F6	U+00F7	÷	0	0	CP437
D4F7	119	F7	U+2248	≈	76	5	CP437
D4F8	120	F8	U+2218	∘	51	4	CP437
D4F9	121		U+2219	∙	78	16	0xD4F8 but filled
D4FA	122		U+2424	␤	188	97	Iyagi's own glyph: boxed return arrow, CP437 has the middle dot
D4FB	123	FB	U+221A	√	0	0	CP437
D4FC	124	FC	U+207F	ⁿ	0	0	CP437
D4FD	125	FD	U+00B2	²	0	0	CP437
D4FE	126	FE	U+25A0	■	37	10	CP437
D4FF	127		U+1FAE7	🫧	340	23	A single large bubble
